time,version,seed,metric,value
2026-09-25T21:22:07,v0_rule,42,f05_all,0.59499
2026-09-25T21:22:07,v0_rule,42,f05_India,0.45811
2026-09-25T21:22:07,v0_rule,42,f05_US,0.68632
2026-09-25T22:18:34,E-B1:k_v0,42,cand_recall,0.39423
2026-09-25T22:18:34,E-B1:k_v0,42,oracle_f05,0.61929
2026-09-25T22:18:34,E-B1:k_v0,42,cand_per_s1,1.48283
2026-09-25T22:18:34,E-B1:k_v0,42,pairs_per_rec,0.31708
2026-09-25T22:18:34,E-B1:k_v0,42,runtime_s,63.38032
2026-09-25T22:18:34,E-B1:k_v0,42,peak_mem_mb,2040.38144
2026-09-25T22:19:26,E-B1:k_ns,42,cand_recall,0.44743
2026-09-25T22:19:26,E-B1:k_ns,42,oracle_f05,0.62983
2026-09-25T22:19:26,E-B1:k_ns,42,cand_per_s1,4.20060
2026-09-25T22:19:26,E-B1:k_ns,42,pairs_per_rec,0.89823
2026-09-25T22:19:26,E-B1:k_ns,42,runtime_s,52.62325
2026-09-25T22:19:26,E-B1:k_ns,42,peak_mem_mb,2040.38144
2026-09-25T22:19:45,E-B1:k_hn_street,42,cand_recall,0.48123
2026-09-25T22:19:45,E-B1:k_hn_street,42,oracle_f05,0.64715
2026-09-25T22:19:45,E-B1:k_hn_street,42,cand_per_s1,6.49288
2026-09-25T22:19:45,E-B1:k_hn_street,42,pairs_per_rec,1.38840
2026-09-25T22:19:45,E-B1:k_hn_street,42,runtime_s,18.90224
2026-09-25T22:19:45,E-B1:k_hn_street,42,peak_mem_mb,2278.32627
2026-09-25T22:20:04,E-B1:k_name1_hn,42,cand_recall,0.53273
2026-09-25T22:20:04,E-B1:k_name1_hn,42,oracle_f05,0.70803
2026-09-25T22:20:04,E-B1:k_name1_hn,42,cand_per_s1,5.48159
2026-09-25T22:20:04,E-B1:k_name1_hn,42,pairs_per_rec,1.17215
2026-09-25T22:20:04,E-B1:k_name1_hn,42,runtime_s,18.32944
2026-09-25T22:20:04,E-B1:k_name1_hn,42,peak_mem_mb,2755.11706
2026-09-25T22:20:17,E-B1:k_namekey,42,cand_recall,0.44996
2026-09-25T22:20:17,E-B1:k_namekey,42,oracle_f05,0.63427
2026-09-25T22:20:17,E-B1:k_namekey,42,cand_per_s1,4.30482
2026-09-25T22:20:17,E-B1:k_namekey,42,pairs_per_rec,0.92052
2026-09-25T22:20:17,E-B1:k_namekey,42,runtime_s,13.67854
2026-09-25T22:20:17,E-B1:k_namekey,42,peak_mem_mb,2755.11706
2026-09-25T22:21:45,E-B1:union,42,cand_recall,0.79954
2026-09-25T22:21:45,E-B1:union,42,oracle_f05,0.90123
2026-09-25T22:21:45,E-B1:union,42,cand_per_s1,14.16101
2026-09-25T22:21:45,E-B1:union,42,pairs_per_rec,3.02812
2026-09-25T22:21:45,E-B1:union,42,runtime_s,274.29228
2026-09-25T22:21:45,E-B1:union,42,peak_mem_mb,3797.20499
2026-09-25T22:22:02,E-B1:union:US,42,cand_recall,0.87523
2026-09-25T22:22:02,E-B1:union:US,42,oracle_f05,0.95269
2026-09-25T22:22:02,E-B1:union:US,42,cand_per_s1,12.13349
2026-09-25T22:22:02,E-B1:union:US,42,runtime_s,290.99533
2026-09-25T22:22:02,E-B1:union:US,42,peak_mem_mb,4035.05152
2026-09-25T22:22:21,E-B1:union:India,42,cand_recall,0.68629
2026-09-25T22:22:21,E-B1:union:India,42,oracle_f05,0.82410
2026-09-25T22:22:21,E-B1:union:India,42,cand_per_s1,17.19966
2026-09-25T22:22:21,E-B1:union:India,42,runtime_s,310.15763
2026-09-25T22:22:21,E-B1:union:India,42,peak_mem_mb,4231.88890
2026-09-25T22:22:59,E-B2:train:coverage:India,42,coverage,0.96641
2026-09-25T22:22:59,E-B2:train:coverage:India,42,n_alias,9555.00000
2026-09-25T22:22:59,E-B2:train:coverage:India,42,runtime_s,15.06078
2026-09-25T22:22:59,E-B2:train:coverage:India,42,peak_mem_mb,3667.55840
2026-09-25T22:23:00,E-B2:train:coverage:US,42,coverage,0.83205
2026-09-25T22:23:00,E-B2:train:coverage:US,42,n_alias,4511.00000
2026-09-25T22:23:00,E-B2:train:coverage:US,42,runtime_s,16.60203
2026-09-25T22:23:00,E-B2:train:coverage:US,42,peak_mem_mb,3667.55840
2026-09-25T22:23:10,E-B2:train:accuracy:US,42,acc_when_known,0.86081
2026-09-25T22:23:10,E-B2:train:accuracy:US,42,pairs_same_partition,0.70793
2026-09-25T22:23:10,E-B2:train:accuracy:US,42,runtime_s,26.46534
2026-09-25T22:23:10,E-B2:train:accuracy:US,42,peak_mem_mb,3667.55840
2026-09-25T22:23:10,E-B2:train:accuracy:India,42,acc_when_known,0.84308
2026-09-25T22:23:10,E-B2:train:accuracy:India,42,pairs_same_partition,0.80674
2026-09-25T22:23:10,E-B2:train:accuracy:India,42,runtime_s,26.58940
2026-09-25T22:23:10,E-B2:train:accuracy:India,42,peak_mem_mb,3667.55840
2026-09-25T22:23:24,E-B2:test:coverage:India,42,coverage,0.97240
2026-09-25T22:23:24,E-B2:test:coverage:India,42,n_alias,8980.00000
2026-09-25T22:23:24,E-B2:test:coverage:India,42,runtime_s,13.83520
2026-09-25T22:23:24,E-B2:test:coverage:India,42,peak_mem_mb,3667.55840
2026-09-25T22:23:25,E-B2:test:coverage:US,42,coverage,0.72848
2026-09-25T22:23:25,E-B2:test:coverage:US,42,n_alias,1878.00000
2026-09-25T22:23:25,E-B2:test:coverage:US,42,runtime_s,14.63993
2026-09-25T22:23:25,E-B2:test:coverage:US,42,peak_mem_mb,3667.55840
2026-09-25T22:23:25,E-B2:test:coverage:France,42,coverage,0.96998
2026-09-25T22:23:25,E-B2:test:coverage:France,42,n_alias,625.00000
2026-09-25T22:23:25,E-B2:test:coverage:France,42,runtime_s,14.87291
2026-09-25T22:23:25,E-B2:test:coverage:France,42,peak_mem_mb,3667.55840
2026-09-25T22:24:40,E-B2:train:coverage:US,42,coverage,0.94927
2026-09-25T22:24:40,E-B2:train:coverage:US,42,n_alias,21017.00000
2026-09-25T22:24:40,E-B2:train:coverage:US,42,runtime_s,32.74596
2026-09-25T22:24:40,E-B2:train:coverage:US,42,peak_mem_mb,4150.85363
2026-09-25T22:24:41,E-B2:train:coverage:India,42,coverage,0.96843
2026-09-25T22:24:41,E-B2:train:coverage:India,42,n_alias,34188.00000
2026-09-25T22:24:41,E-B2:train:coverage:India,42,runtime_s,33.47632
2026-09-25T22:24:41,E-B2:train:coverage:India,42,peak_mem_mb,4150.85363
2026-09-25T22:24:50,E-B2:train:accuracy:India,42,acc_when_known,0.99911
2026-09-25T22:24:50,E-B2:train:accuracy:India,42,pairs_same_partition,0.95804
2026-09-25T22:24:50,E-B2:train:accuracy:India,42,runtime_s,43.08245
2026-09-25T22:24:50,E-B2:train:accuracy:India,42,peak_mem_mb,4150.85363
2026-09-25T22:24:51,E-B2:train:accuracy:US,42,acc_when_known,0.96339
2026-09-25T22:24:51,E-B2:train:accuracy:US,42,pairs_same_partition,0.90380
2026-09-25T22:24:51,E-B2:train:accuracy:US,42,runtime_s,43.22878
2026-09-25T22:24:51,E-B2:train:accuracy:US,42,peak_mem_mb,4150.85363
2026-09-25T22:25:19,E-B2:test:coverage:India,42,coverage,0.97432
2026-09-25T22:25:19,E-B2:test:coverage:India,42,n_alias,33075.00000
2026-09-25T22:25:19,E-B2:test:coverage:India,42,runtime_s,28.74121
2026-09-25T22:25:19,E-B2:test:coverage:India,42,peak_mem_mb,4150.85363
2026-09-25T22:25:20,E-B2:test:coverage:France,42,coverage,0.96998
2026-09-25T22:25:20,E-B2:test:coverage:France,42,n_alias,1954.00000
2026-09-25T22:25:20,E-B2:test:coverage:France,42,runtime_s,28.93490
2026-09-25T22:25:20,E-B2:test:coverage:France,42,peak_mem_mb,4150.85363
2026-09-25T22:25:20,E-B2:test:coverage:US,42,coverage,0.95326
2026-09-25T22:25:20,E-B2:test:coverage:US,42,n_alias,10726.00000
2026-09-25T22:25:20,E-B2:test:coverage:US,42,runtime_s,29.41807
2026-09-25T22:25:20,E-B2:test:coverage:US,42,peak_mem_mb,4150.85363
2026-09-25T22:26:49,E-B2:train:coverage:India,42,coverage,0.96843
2026-09-25T22:26:49,E-B2:train:coverage:India,42,n_alias,34188.00000
2026-09-25T22:26:49,E-B2:train:coverage:India,42,runtime_s,28.47190
2026-09-25T22:26:49,E-B2:train:coverage:India,42,peak_mem_mb,4686.59405
2026-09-25T22:26:51,E-B2:train:coverage:US,42,coverage,0.96410
2026-09-25T22:26:51,E-B2:train:coverage:US,42,n_alias,21027.00000
2026-09-25T22:26:51,E-B2:train:coverage:US,42,runtime_s,29.87928
2026-09-25T22:26:51,E-B2:train:coverage:US,42,peak_mem_mb,4686.59405
2026-09-25T22:27:00,E-B2:train:accuracy:US,42,acc_when_known,0.98756
2026-09-25T22:27:00,E-B2:train:accuracy:US,42,pairs_same_partition,0.94077
2026-09-25T22:27:00,E-B2:train:accuracy:US,42,runtime_s,39.18615
2026-09-25T22:27:00,E-B2:train:accuracy:US,42,peak_mem_mb,4686.59405
2026-09-25T22:27:00,E-B2:train:accuracy:India,42,acc_when_known,0.99911
2026-09-25T22:27:00,E-B2:train:accuracy:India,42,pairs_same_partition,0.95804
2026-09-25T22:27:00,E-B2:train:accuracy:India,42,runtime_s,39.36014
2026-09-25T22:27:00,E-B2:train:accuracy:India,42,peak_mem_mb,4686.59405
2026-09-25T22:27:28,E-B2:test:coverage:India,42,coverage,0.97432
2026-09-25T22:27:28,E-B2:test:coverage:India,42,n_alias,33075.00000
2026-09-25T22:27:28,E-B2:test:coverage:India,42,runtime_s,28.21086
2026-09-25T22:27:28,E-B2:test:coverage:India,42,peak_mem_mb,4686.59405
2026-09-25T22:27:29,E-B2:test:coverage:France,42,coverage,0.96998
2026-09-25T22:27:29,E-B2:test:coverage:France,42,n_alias,1954.00000
2026-09-25T22:27:29,E-B2:test:coverage:France,42,runtime_s,28.42128
2026-09-25T22:27:29,E-B2:test:coverage:France,42,peak_mem_mb,4686.59405
2026-09-25T22:27:29,E-B2:test:coverage:US,42,coverage,0.97083
2026-09-25T22:27:29,E-B2:test:coverage:US,42,n_alias,10738.00000
2026-09-25T22:27:29,E-B2:test:coverage:US,42,runtime_s,28.96073
2026-09-25T22:27:29,E-B2:test:coverage:US,42,peak_mem_mb,4686.59405
2026-09-25T22:31:04,E-B3:keys_only,42,cand_recall,0.81850
2026-09-25T22:31:04,E-B3:keys_only,42,oracle_f05,0.92008
2026-09-25T22:31:04,E-B3:keys_only,42,cand_per_s1,41.74977
2026-09-25T22:31:04,E-B3:keys_only,42,runtime_s,123.35912
2026-09-25T22:31:04,E-B3:keys_only,42,peak_mem_mb,2798.50189
2026-09-25T22:33:56,E-B3:keys_only,42,cand_recall,0.76758
2026-09-25T22:33:56,E-B3:keys_only,42,oracle_f05,0.87991
2026-09-25T22:33:56,E-B3:keys_only,42,cand_per_s1,15.06208
2026-09-25T22:33:56,E-B3:keys_only,42,runtime_s,101.59853
2026-09-25T22:33:56,E-B3:keys_only,42,peak_mem_mb,3208.90470
